<?xml version="1.0" encoding="UTF-8"?>
<GenRun Id="impl_1" LaunchPart="xc7a100tcsg324-1" LaunchTime="1513928961">
  <File Type="PWROPT-DRC" Name="testtop_drc_pwropted.rpt"/>
  <File Type="OPT-METHODOLOGY-DRC" Name="testtop_methodology_drc_opted.rpt"/>
  <File Type="INIT-TIMING" Name="testtop_timing_summary_init.rpt"/>
  <File Type="ROUTE-PWR-RPX" Name="testtop_power_routed.rpx"/>
  <File Type="PA-TCL" Name="testtop.tcl"/>
  <File Type="OPT-HWDEF" Name="testtop.hwdef"/>
  <File Type="RDI-RDI" Name="testtop.vdi"/>
  <File Type="OPT-DCP" Name="testtop_opt.dcp"/>
  <File Type="OPT-DRC" Name="testtop_drc_opted.rpt"/>
  <File Type="OPT-TIMING" Name="testtop_timing_summary_opted.rpt"/>
  <File Type="PWROPT-DCP" Name="testtop_pwropt.dcp"/>
  <File Type="PWROPT-TIMING" Name="testtop_timing_summary_pwropted.rpt"/>
  <File Type="PLACE-DCP" Name="testtop_placed.dcp"/>
  <File Type="PLACE-IO" Name="testtop_io_placed.rpt"/>
  <File Type="PLACE-CLK" Name="testtop_clock_utilization_placed.rpt"/>
  <File Type="PLACE-UTIL" Name="testtop_utilization_placed.rpt"/>
  <File Type="PLACE-UTIL-PB" Name="testtop_utilization_placed.pb"/>
  <File Type="PLACE-CTRL" Name="testtop_control_sets_placed.rpt"/>
  <File Type="PLACE-SIMILARITY" Name="testtop_incremental_reuse_placed.rpt"/>
  <File Type="PLACE-PRE-SIMILARITY" Name="testtop_incremental_reuse_pre_placed.rpt"/>
  <File Type="PLACE-TIMING" Name="testtop_timing_summary_placed.rpt"/>
  <File Type="POSTPLACE-PWROPT-DCP" Name="testtop_postplace_pwropt.dcp"/>
  <File Type="POSTPLACE-PWROPT-TIMING" Name="testtop_timing_summary_postplace_pwropted.rpt"/>
  <File Type="PHYSOPT-DCP" Name="testtop_physopt.dcp"/>
  <File Type="PHYSOPT-DRC" Name="testtop_drc_physopted.rpt"/>
  <File Type="PHYSOPT-TIMING" Name="testtop_timing_summary_physopted.rpt"/>
  <File Type="ROUTE-ERROR-DCP" Name="testtop_routed_error.dcp"/>
  <File Type="ROUTE-DCP" Name="testtop_routed.dcp"/>
  <File Type="ROUTE-BLACKBOX-DCP" Name="testtop_routed_bb.dcp"/>
  <File Type="ROUTE-DRC" Name="testtop_drc_routed.rpt"/>
  <File Type="ROUTE-DRC-PB" Name="testtop_drc_routed.pb"/>
  <File Type="BG-BIN" Name="testtop.bin"/>
  <File Type="ROUTE-DRC-RPX" Name="testtop_drc_routed.rpx"/>
  <File Type="BG-DRC" Name="testtop.drc"/>
  <File Type="ROUTE-METHODOLOGY-DRC" Name="testtop_methodology_drc_routed.rpt"/>
  <File Type="BITSTR-MSK" Name="testtop.msk"/>
  <File Type="ROUTE-METHODOLOGY-DRC-RPX" Name="testtop_methodology_drc_routed.rpx"/>
  <File Type="BG-BGN" Name="testtop.bgn"/>
  <File Type="ROUTE-METHODOLOGY-DRC-PB" Name="testtop_methodology_drc_routed.pb"/>
  <File Type="ROUTE-PWR" Name="testtop_power_routed.rpt"/>
  <File Type="ROUTE-PWR-SUM" Name="testtop_power_summary_routed.pb"/>
  <File Type="ROUTE-STATUS" Name="testtop_route_status.rpt"/>
  <File Type="ROUTE-STATUS-PB" Name="testtop_route_status.pb"/>
  <File Type="ROUTE-TIMINGSUMMARY" Name="testtop_timing_summary_routed.rpt"/>
  <File Type="ROUTE-TIMING-PB" Name="testtop_timing_summary_routed.pb"/>
  <File Type="ROUTE-TIMING-RPX" Name="testtop_timing_summary_routed.rpx"/>
  <File Type="ROUTE-SIMILARITY" Name="testtop_incremental_reuse_routed.rpt"/>
  <File Type="ROUTE-CLK" Name="testtop_clock_utilization_routed.rpt"/>
  <File Type="POSTROUTE-PHYSOPT-DCP" Name="testtop_postroute_physopt.dcp"/>
  <File Type="POSTROUTE-PHYSOPT-BLACKBOX-DCP" Name="testtop_postroute_physopt_bb.dcp"/>
  <File Type="POSTROUTE-PHYSOPT-TIMING" Name="testtop_timing_summary_postroute_physopted.rpt"/>
  <File Type="POSTROUTE-PHYSOPT-TIMING-PB" Name="testtop_timing_summary_postroute_physopted.pb"/>
  <File Type="POSTROUTE-PHYSOPT-TIMING-RPX" Name="testtop_timing_summary_postroute_physopted.rpx"/>
  <File Type="BG-BIT" Name="testtop.bit"/>
  <File Type="BITSTR-RBT" Name="testtop.rbt"/>
  <File Type="BITSTR-NKY" Name="testtop.nky"/>
  <File Type="BITSTR-BMM" Name="testtop_bd.bmm"/>
  <File Type="BITSTR-MMI" Name="testtop.mmi"/>
  <File Type="BITSTR-SYSDEF" Name="testtop.sysdef"/>
  <File Type="WBT-USG" Name="usage_statistics_webtalk.html"/>
  <FileSet Name="sources" Type="DesignSrcs" RelSrcDir="$PSRCDIR/sources_1">
    <Filter Type="Srcs"/>
    <File Path="$PSRCDIR/sources_1/new/sp.v">
      <FileInfo>
        <Attr Name="UsedIn" Val="synthesis"/>
        <Attr Name="UsedIn" Val="implementation"/>
        <Attr Name="UsedIn" Val="simulation"/>
      </FileInfo>
    </File>
    <File Path="$PSRCDIR/sources_1/new/regarray.v">
      <FileInfo>
        <Attr Name="UsedIn" Val="synthesis"/>
        <Attr Name="UsedIn" Val="implementation"/>
        <Attr Name="UsedIn" Val="simulation"/>
      </FileInfo>
    </File>
    <File Path="$PSRCDIR/sources_1/new/pc.v">
      <FileInfo>
        <Attr Name="UsedIn" Val="synthesis"/>
        <Attr Name="UsedIn" Val="implementation"/>
        <Attr Name="UsedIn" Val="simulation"/>
      </FileInfo>
    </File>
    <File Path="$PSRCDIR/sources_1/new/mdr.v">
      <FileInfo>
        <Attr Name="UsedIn" Val="synthesis"/>
        <Attr Name="UsedIn" Val="implementation"/>
        <Attr Name="UsedIn" Val="simulation"/>
      </FileInfo>
    </File>
    <File Path="$PSRCDIR/sources_1/new/mar.v">
      <FileInfo>
        <Attr Name="UsedIn" Val="synthesis"/>
        <Attr Name="UsedIn" Val="implementation"/>
        <Attr Name="UsedIn" Val="simulation"/>
      </FileInfo>
    </File>
    <File Path="$PSRCDIR/sources_1/new/instreg.v">
      <FileInfo>
        <Attr Name="UsedIn" Val="synthesis"/>
        <Attr Name="UsedIn" Val="implementation"/>
        <Attr Name="UsedIn" Val="simulation"/>
      </FileInfo>
    </File>
    <File Path="$PSRCDIR/sources_1/new/flags.v">
      <FileInfo>
        <Attr Name="UsedIn" Val="synthesis"/>
        <Attr Name="UsedIn" Val="implementation"/>
        <Attr Name="UsedIn" Val="simulation"/>
      </FileInfo>
    </File>
    <File Path="$PSRCDIR/sources_1/new/divider.v">
      <FileInfo>
        <Attr Name="UsedIn" Val="synthesis"/>
        <Attr Name="UsedIn" Val="implementation"/>
        <Attr Name="UsedIn" Val="simulation"/>
      </FileInfo>
    </File>
    <File Path="$PSRCDIR/sources_1/new/cu_contrl.v">
      <FileInfo>
        <Attr Name="UsedIn" Val="synthesis"/>
        <Attr Name="UsedIn" Val="implementation"/>
        <Attr Name="UsedIn" Val="simulation"/>
      </FileInfo>
    </File>
    <File Path="$PSRCDIR/sources_1/new/cu.v">
      <FileInfo>
        <Attr Name="UsedIn" Val="synthesis"/>
        <Attr Name="UsedIn" Val="implementation"/>
        <Attr Name="UsedIn" Val="simulation"/>
      </FileInfo>
    </File>
    <File Path="$PSRCDIR/sources_1/new/clock.v">
      <FileInfo>
        <Attr Name="UsedIn" Val="synthesis"/>
        <Attr Name="UsedIn" Val="implementation"/>
        <Attr Name="UsedIn" Val="simulation"/>
      </FileInfo>
    </File>
    <File Path="$PSRCDIR/sources_1/new/alu_contrl.v">
      <FileInfo>
        <Attr Name="UsedIn" Val="synthesis"/>
        <Attr Name="UsedIn" Val="implementation"/>
        <Attr Name="UsedIn" Val="simulation"/>
      </FileInfo>
    </File>
    <File Path="$PSRCDIR/sources_1/new/alu.v">
      <FileInfo>
        <Attr Name="UsedIn" Val="synthesis"/>
        <Attr Name="UsedIn" Val="implementation"/>
        <Attr Name="UsedIn" Val="simulation"/>
      </FileInfo>
    </File>
    <File Path="$PSRCDIR/sources_1/new/risc_cpu.v">
      <FileInfo>
        <Attr Name="UsedIn" Val="synthesis"/>
        <Attr Name="UsedIn" Val="implementation"/>
        <Attr Name="UsedIn" Val="simulation"/>
      </FileInfo>
    </File>
    <File Path="$PSRCDIR/sources_1/new/rom.v">
      <FileInfo>
        <Attr Name="UsedIn" Val="synthesis"/>
        <Attr Name="UsedIn" Val="implementation"/>
        <Attr Name="UsedIn" Val="simulation"/>
      </FileInfo>
    </File>
    <File Path="$PSRCDIR/sources_1/new/ram.v">
      <FileInfo>
        <Attr Name="UsedIn" Val="synthesis"/>
        <Attr Name="UsedIn" Val="implementation"/>
        <Attr Name="UsedIn" Val="simulation"/>
      </FileInfo>
    </File>
    <File Path="$PSRCDIR/sources_1/new/display.v">
      <FileInfo>
        <Attr Name="UsedIn" Val="synthesis"/>
        <Attr Name="UsedIn" Val="implementation"/>
        <Attr Name="UsedIn" Val="simulation"/>
      </FileInfo>
    </File>
    <File Path="$PSRCDIR/sources_1/new/disp.v">
      <FileInfo>
        <Attr Name="UsedIn" Val="synthesis"/>
        <Attr Name="UsedIn" Val="implementation"/>
        <Attr Name="UsedIn" Val="simulation"/>
      </FileInfo>
    </File>
    <File Path="$PSRCDIR/sources_1/new/addr_decode.v">
      <FileInfo>
        <Attr Name="UsedIn" Val="synthesis"/>
        <Attr Name="UsedIn" Val="implementation"/>
        <Attr Name="UsedIn" Val="simulation"/>
      </FileInfo>
    </File>
    <File Path="$PSRCDIR/sources_1/new/Audio.v">
      <FileInfo>
        <Attr Name="UsedIn" Val="synthesis"/>
        <Attr Name="UsedIn" Val="implementation"/>
        <Attr Name="UsedIn" Val="simulation"/>
      </FileInfo>
    </File>
    <File Path="$PSRCDIR/sources_1/new/testtop.v">
      <FileInfo>
        <Attr Name="UsedIn" Val="synthesis"/>
        <Attr Name="UsedIn" Val="implementation"/>
        <Attr Name="UsedIn" Val="simulation"/>
      </FileInfo>
    </File>
    <File Path="$PSRCDIR/sources_1/new/cpu_top.v">
      <FileInfo>
        <Attr Name="UserDisabled" Val="1"/>
        <Attr Name="UsedIn" Val="synthesis"/>
        <Attr Name="UsedIn" Val="implementation"/>
        <Attr Name="UsedIn" Val="simulation"/>
      </FileInfo>
    </File>
    <File Path="$PSRCDIR/sources_1/new/read_contrl.v">
      <FileInfo>
        <Attr Name="UserDisabled" Val="1"/>
        <Attr Name="UsedIn" Val="synthesis"/>
        <Attr Name="UsedIn" Val="implementation"/>
        <Attr Name="UsedIn" Val="simulation"/>
      </FileInfo>
    </File>
    <Config>
      <Option Name="DesignMode" Val="RTL"/>
      <Option Name="TopModule" Val="testtop"/>
    </Config>
  </FileSet>
  <FileSet Name="constrs_in" Type="Constrs" RelSrcDir="$PSRCDIR/constrs_1">
    <Filter Type="Constrs"/>
    <File Path="$PSRCDIR/constrs_1/new/cpu_cons.xdc">
      <FileInfo>
        <Attr Name="UserDisabled" Val="1"/>
        <Attr Name="UsedIn" Val="synthesis"/>
        <Attr Name="UsedIn" Val="implementation"/>
      </FileInfo>
    </File>
    <File Path="$PSRCDIR/constrs_1/new/fordisplay.xdc">
      <FileInfo>
        <Attr Name="UsedIn" Val="synthesis"/>
        <Attr Name="UsedIn" Val="implementation"/>
      </FileInfo>
    </File>
    <Config>
      <Option Name="ConstrsType" Val="XDC"/>
    </Config>
  </FileSet>
  <Strategy Version="1" Minor="2">
    <StratHandle Name="Vivado Implementation Defaults" Flow="Vivado Implementation 2016"/>
    <Step Id="init_design"/>
    <Step Id="opt_design"/>
    <Step Id="power_opt_design"/>
    <Step Id="place_design"/>
    <Step Id="post_place_power_opt_design"/>
    <Step Id="phys_opt_design"/>
    <Step Id="route_design"/>
    <Step Id="post_route_phys_opt_design"/>
    <Step Id="write_bitstream"/>
  </Strategy>
</GenRun>
